Cluster,FIPS Code
0,46059
0,22119
0,53007
0,19163
0,35037
0,17125
0,48371
0,17139
0,21223
0,17141
0,53069
0,35051
0,17171
0,29003
0,6103
0,36007
0,48147
0,37129
0,26029
0,27121
0,21089
0,6053
0,20005
0,45023
0,17201
0,17053
0,48359
0,54007
0,30017
0,22047
0,19017
0,17091
0,31039
0,6111
0,54051
0,8077
0,48093
0,31129
0,38067
0,28013
0,48271
0,41023
0,32003
0,13159
0,51021
0,42121
0,46075
0,39033
0,34033
0,8043
0,27139
0,30061
0,28015
0,33011
0,55063
0,20099
0,17057
0,20093
0,32015
0,48179
0,31077
0,18085
0,6071
0,13181
0,46077
0,20157
0,31181
0,27113
0,48013
0,40143
0,6093
0,37123
0,35059
0,51033
0,29059
0,51165
0,29045
0,22045
0,42125
0,2290
0,46037
0,8081
0,12113
0,29007
0,27027
0,13001
0,48163
0,27091
0,51179
0,42003
0,37193
0,25013
0,55109
0,51131
0,25027
0,27061
0,42117
0,55115
0,18077
0,8087
0,39091
0,26027
0,31089
0,48351
0,18029
0,39165
0,28005
0,23009
0,19033
0,55123
0,17159
0,48387
0,13057
0,53003
0,48421
0,41031
0,17197
0,26033
0,20139
0,29167
0,17073
0,48065
0,22103
0,27137
0,34001
0,19049
0,41063
0,48419
0,39079
0,47143
0,20001
0,38009
0,48187
0,17067
0,20057
0,20123
0,55091
0,20047
0,27133
0,13091
0,51053
0,37167
0,17101
0,29125
0,13039
0,37085
0,39117
0,45073
0,55017
0,39133
0,28019
0,48197
0,29215
0,22101
0,29129
0,20077
0,13205
0,1119
0,19145
0,21105
0,48079
0,29217
0,48225
0,48191
0,21163
0,28109
0,51550
0,42015
0,54065
0,34011
0,27059
0,1037
0,16035
0,18087
0,20019
0,13005
0,1003
0,31179
0,27035
0,47019
0,27101
0,31029
0,48279
0,37197
0,21187
0,19037
0,41065
0,19097
0,48317
0,12069
0,39051
0,18139
0,12099
0,18123
0,29137
0,27057
0,26067
0,20207
0,31087
0,55053
0,27073
0,48101
0,1067
0,20119
0,20031
0,48247
0,31149
0,16015
0,46023
0,13313
0,21211
0,45049
0,30005
0,39043
0,39073
0,13143
0,21221
0,4005
0,17031
0,8125
0,22013
0,22063
0,36069
0,51177
0,19177
0,31031
0,31169
0,6073
0,42031
0,16007
0,19175
0,51670
0,37145
0,39131
0,19077
0,37165
0,40055
0,16049
0,31171
0,39083
0,51197
0,36095
0,18083
0,31121
0,36085
0,37021
0,28127
0,48233
0,47131
0,20141
0,4007
0,19109
0,17083
0,39143
0,13161
0,48149
0,48285
0,18037
0,29089
0,45039
0,55009
0,19085
0,5047
0,49041
0,26043
0,13285
0,12005
0,17147
0,45053
0,29123
0,19167
0,24009
0,27131
0,24015
0,51036
0,12031
0,50017
0,18135
0,17199
0,30103
0,29113
0,20153
0,31137
0,17203
0,18007
0,51089
0,39149
0,12129
0,37089
0,30101
0,21079
0,51023
0,2100
0,48249
0,26051
0,18151
0,47139
0,37125
0,30057
0,39107
0,48059
0,29037
0,48055
0,47127
0,18043
0,39139
0,32023
0,28129
0,36019
0,37117
0,17115
0,13075
0,20065
0,37153
0,42039
0,40049
0,26039
0,27115
0,8075
0,5015
0,30029
0,20081
0,19187
0,13195
0,55045
0,40067
0,51125
0,17193
0,41009
0,12037
0,46071
0,13105
0,37187
0,17025
0,37109
0,48295
0,54029
0,27143
0,17009
0,17039
0,6055
0,13279
0,10005
0,48457
0,13253
0,22029
0,51720
0,27029
0,26097
0,28063
0,18039
0,42069
0,31081
0,31059
0,29001
0,30079
0,38087
0,19051
0,22115
0,13129
0,48029
0,27093
0,22067
0,18183
0,26155
0,51159
0,56033
0,18091
0,21199
0,53047
0,18063
0,20083
0,48395
0,28095
0,22021
0,13019
0,29049
0,48337
0,8007
0,30025
0,5069
0,48183
0,26143
0,50025
0,48303
0,5087
0,39019
0,40145
0,1113
0,18109
0,13189
0,19189
0,21023
0,39171
0,38053
0,19093
0,23017
0,28061
0,5133
0,31071
0,29103
0,4023
0,21149
0,19195
0,35009
0,48439
0,13231
0,48399
0,36043
0,13013
0,39027
0,26127
0,27165
0,29213
0,17079
0,46033
0,27013
0,13299
0,37075
0,51195
0,1101
0,37041
0,36035
0,5085
0,42089
0,48269
0,32029
0,6079
0,21027
0,38025
0,47009
0,29209
0,13177
0,39123
0,26011
0,21145
0,12043
0,17095
0,9005
0,21059
0,56031
0,27049
0,21117
0,51127
0,5025
0,19131
0,37173
0,13291
0,46005
0,28007
0,40061
0,5057
0,48449
0,31117
0,47037
0,20187
0,17173
0,24023
0,56023
0,40059
0,18051
0,29073
0,42063
0,13081
0,42067
0,45027
0,47015
0,20197
0,46069
0,1019
0,38059
0,23019
0,54077
0,20013
0,26059
0,39103
0,22027
0,13241
0,46063
0,40151
0,29071
0,46137
0,13049
0,53041
0,18127
0,42129
0,17015
0,37069
0,37027
0,13197
0,8027
0,27095
0,42035
0,13209
0,20167
0,5139
0,26057
0,47065
0,46105
0,8109
0,31033
0,30065
0,48471
0,17121
0,5083
0,45021
0,26015
0,1095
0,39085
0,19181
0,13175
0,18125
0,27005
0,53027
0,51017
0,56009
0,40037
0,55097
0,19019
0,46035
0,47119
0,1047
0,19063
0,36003
0,13235
0,12083
0,54105
0,26081
0,55005
0,30069
0,48499
0,19099
0,40063
0,47003
0,48369
0,46101
0,46003
0,29035
0,53005
0,5065
0,21005
0,23023
0,22109
0,51011
0,20009
0,31063
0,45019
0,30037
0,56005
0,21143
0,18177
0,42017
0,20103
0,19013
0,45059
0,18133
0,5127
0,36005
0,28111
0,8115
0,26041
0,8045
0,36055
0,49025
0,47117
0,20185
0,26047
0,12095
0,54039
0,13093
0,48367
0,18027
0,22087
0,20131
0,5003
0,48105
0,54021
0,36107
0,13071
0,30083
0,5093
0,30097
0,31141
0,55069
0,20075
0,29195
0,39037
0,26123
0,29135
0,30107
0,19083
0,26087
0,22051
0,48325
0,17103
0,39015
0,19081
0,40109
0,56007
0,34007
0,13009
0,54085
0,5097
0,27125
0,51193
0,42079
0,27161
0,28025
0,18023
0,30077
0,29109
0,48383
0,29067
0,19191
0,21007
0,19107
0,20125
0,27015
0,48379
0,26017
0,47147
0,16021
0,18137
0,17071
0,23021
0,46127
0,27111
0,51630
0,55027
0,31165
0,37045
0,39035
0,19009
0,54027
0,40001
0,37143
0,48461
0,30073
0,39169
0,22125
0,23013
0,1005
0,38061
0,29229
0,39095
0,48069
0,1063
0,54089
0,39125
0,47005
0,37047
0,36009
0,48251
0,28029
0,40065
0,40129
0,19147
0,2201
0,51005
0,55077
0,20129
0,42001
0,41059
0,31177
0,42045
0,54013
0,37103
0,2231
0,39063
0,38081
0,13249
0,20043
0,13273
0,36041
0,18153
0,47171
0,13215
0,22105
0,55117
0,22095
0,21093
0,48287
0,53049
0,40131
0,51085
0,39111
0,37087
0,19043
0,32009
0,48245
0,39031
0,26013
0,17045
0,12089
0,27025
0,42109
0,48403
0,23029
0,12023
0,6005
0,20135
0,13169
0,51650
0,51045
0,37043
0,48075
0,40113
0,39089
0,47063
0,17047
0,17003
0,18115
0,55047
0,12027
0,37155
0,6027
0,35003
0,38093
0,39099
0,40139
0,48315
0,47149
0,28037
0,13319
0,30033
0,48289
0,6065
0,37055
0,51029
0,46129
0,51143
0,55003
0,6105
0,19075
0,30023
0,13111
0,48423
0,17027
0,54017
0,39013
0,12109
0,16085
0,47107
0,47177
0,35061
0,6033
0,22011
0,54091
0,29013
0,29061
0,18009
0,17055
0,19065
0,36093
0,1043
0,48485
0,17111
0,39045
0,26105
0,40149
0,31049
0,12053
0,31103
0,5089
0,48455
0,54063
0,39023
0,9011
0,46095
0,28017
0,29131
0,17005
0,46039
0,31107
0,48501
0,42061
0,6045
0,47059
0,21167
0,28145
0,22053
0,55093
0,29119
0,54095
0,39167
0,51560
0,16061
0,6043
0,38011
0,5109
0,30095
0,5113
0,27167
0,34015
0,13309
0,18175
0,19113
0,27129
0,29225
0,45011
0,36031
0,39173
0,6067
0,21055
0,5135
0,16023
0,20115
0,23027
0,20181
0,27045
0,53031
0,24029
0,17183
0,38031
0,15007
0,40153
0,13119
0,48095
0,26049
0,50015
0,13029
0,40047
0,26117
0,18149
0,56037
0,45067
0,27103
0,22079
0,5145
0,29149
0,30035
0,1121
0,36115
0,51099
0,48353
0,18121
0,31133
0,50013
0,48459
0,39141
0,48125
0,29187
0,28099
0,1129
0,48327
0,17149
0,48123
0,48437
0,5131
0,21173
0,29081
0,42133
0,32007
0,37181
0,12087
0,39151
0,5129
0,27033
0,42055
0,20011
0,38001
0,29093
0,48009
0,48067
0,41043
0,17191
0,17001
0,5043
0,13247
0,26069
0,45025
0,18059
0,51163
0,18141
0,29175
0,40053
0,29063
0,36037
0,42131
0,47035
0,51590
0,31009
0,48313
0,51141
0,31157
0,48475
0,40043
0,38041
0,31131
0,31101
0,20179
0,38063
0,39163
0,39157
0,19023
0,39047
0,17167
0,5091
0,49001
0,48265
0,46029
0,45037
0,30045
0,19095
0,51530
0,17157
0,55078
0,55013
0,17169
0,21217
0,48221
0,12103
0,8089
0,39025
0,45087
0,51067
0,19123
0,35011
0,53045
0,17109
0,46019
0,18167
0,26145
0,48083
0,18155
0,55067
0,17093
0,42059
0,48293
0,38071
0,8111
0,40089
0,29183
0,49047
0,35057
0,29097
0,33013
0,55011
0,18173
0,19071
0,19045
0,47157
0,28137
0,8009
0,45063
0,27117
0,30019
0,50001
0,30099
0,12055
0,12011
0,49007
0,47051
0,42041
0,2188
0,8061
0,51580
0,37115
0,21115
0,28003
0,19053
0,26139
0,55137
0,6083
0,45031
0,55141
0,26137
0,20189
0,37053
0,55019
0,42007
0,36089
0,21097
0,8101
0,18111
0,5117
0,20037
0,30007
0,21213
0,29041
0,19121
0,47125
0,30111
0,48107
0,53073
0,31097
0,26103
0,1127
0,55075
0,6101
0,5071
0,48073
0,48281
0,17029
0,33009
0,20175
0,39007
0,38065
0,26113
0,29211
0,48145
0,17035
0,36053
0,26147
0,39119
0,19129
0,37185
0,30009
0,48035
0,48193
0,12077
0,13063
0,22075
0,30091
0,54083
0,44003
0,19021
0,55001
0,21141
0,18101
0,17081
0,40117
0,21039
0,12049
0,55065
0,17049
0,12009
0,26095
0,20137
0,37033
0,17013
0,30011
0,55055
0,4003
0,13305
0,55073
0,48491
0,47093
0,1025
0,48239
0,1061
0,46065
0,17131
0,20183
0,20201
0,19055
0,36049
0,17075
0,29055
0,21233
0,5081
0,53037
0,42103
0,31105
0,42093
0,29015
0,48031
0,30001
0,47109
0,55051
0,32017
0,18021
0,18179
0,48169
0,28123
0,29085
0,38073
0,48011
0,27069
0,36073
0,17087
0,27031
0,26089
0,32001
0,49017
0,54099
0,29121
0,18117
0,55061
0,20061
0,46051
0,36057
0,55043
0,18055
0,19183
0,17033
0,1071
0,28097
0,20127
0,26021
0,36123
0,37163
0,20087
0,20079
0,26121
0,48431
0,18131
0,55129
0,13147
0,28125
0,42083
0,18099
0,28161
0,22049
0,50019
0,47017
0,50009
0,47167
0,22093
0,40015
0,42053
0,21155
0,17061
0,28085
0,48429
0,56027
0,24001
0,29095
0,48201
0,28141
0,29033
0,55103
0,37039
0,55095
0,1057
0,19047
0,48161
0,55021
0,24005
0,19115
0,35015
0,8085
0,46053
0,38015
0,37151
0,29079
0,5105
0,37065
0,55131
0,31183
0,18035
0,48305
0,29031
0,26073
0,41001
0,48467
0,13237
0,29075
0,12017
0,12003
0,20085
0,22077
0,22041
0,5005
0,22001
0,17105
0,2280
0,31051
0,42021
0,12067
0,29173
0,25011
0,16027
0,55099
0,22117
0,46043
0,31113
0,12013
0,18103
0,5045
0,55121
0,4013
0,55023
0,40011
0,17011
0,42049
0,13107
0,17065
0,12041
0,18159
0,13153
0,48211
0,50021
0,19137
0,19059
0,29111
0,24043
0,19029
0,31041
0,29105
0,46119
0,51015
0,1017
0,5099
0,5037
0,27043
0,40103
0,13073
0,13179
0,36121
0,40135
0,29021
0,21157
0,41041
0,18143
0,21049
0,37179
0,26085
0,51073
0,54073
0,26055
0,20109
0,30081
0,18165
0,39005
0,17021
0,8033
0,1001
0,39011
0,17177
0,47071
0,22111
0,46031
0,42099
0,49031
0,47047
0,8015
0,36013
0,22057
0,12071
0,46015
0,40127
0,31085
0,5137
0,48267
0,5149
0,54019
0,32021
0,40107
0,51171
0,48411
0,18075
0,48137
0,54057
0,17129
0,29205
0,18015
0,36011
0,31175
0,13015
0,54031
0,27099
0,26009
0,46067
0,5121
0,16011
0,39071
0,53025
0,48089
0,28073
0,31145
0,46021
0,24035
0,19197
0,13193
0,31125
0,13257
0,27023
0,46079
0,50005
0,19061
0,16043
0,20121
0,47055
0,29141
0,8083
0,51009
0,22107
0,21041
0,35006
0,48091
0,29029
0,17023
0,9003
0,18181
0,48407
0,20147
0,23001
0,10003
0,45055
0,31017
0,20159
0,41019
0,27119
0,28069
0,26149
0,55081
0,39003
0,38095
0,48445
0,21037
0,21073
0,13137
0,8021
0,32019
0,38085
0,26025
0,12115
0,27107
0,37161
0,21075
0,54025
0,51097
0,13321
0,26165
0,46045
0,29147
0,12061
0,1123
0,55079
0,37083
0,1105
0,28147
0,26061
0,41071
0,27017
0,8029
0,31161
0,51109
0,17189
0,51185
0,42101
0,31019
0,29039
0,48111
0,26099
0,20071
0,48361
0,51079
0,47075
0,46057
0,20073
0,37019
0,37017
0,38091
0,12097
0,26115
0,37131
0,40095
0,21103
0,1131
0,48037
0,38049
0,5051
0,23003
0,39135
0,28139
0,42095
0,31073
0,26129
0,46117
0,51091
0,31055
0,28023
0,21019
0,31011
0,42073
0,39067
0,13069
0,30089
0,21021
0,48235
0,18025
0,31127
0,16031
0,31155
0,42097
0,25009
0,47189
0,13223
0,22059
0,17175
0,22037
0,39087
0,19001
0,19185
0,36027
0,31003
0,39161
0,45029
0,13157
0,30015
0,48077
0,31025
0,29043
0,27127
0,48333
0,21191
0,20029
0,13201
0,19067
0,31015
0,19119
0,5079
0,46135
0,21215
0,20059
0,23007
0,37095
0,17137
0,28031
0,48099
0,54041
0,30071
0,32011
0,19073
0,37191
0,42119
0,26031
0,35023
0,48433
0,22055
0,26091
0,37141
0,31139
0,12057
0,37077
0,55111
0,20143
0,16017
0,26037
0,20041
0,24011
0,56043
0,29177
0,37159
0,31013
0,5013
0,22017
0,36111
0,48117
0,13011
0,35033
0,31095
0,37049
0,18047
0,4011
0,18089
0,37157
0,24025
0,28043
0,31061
0,38029
0,8001
0,54049
0,30059
0,46061
0,36051
0,2164
0,1073
0,26157
0,36015
0,13183
0,51001
0,39113
0,33001
0,22083
0,48173
0,55127
0,36105
0,39029
0,39109
0,22113
0,13033
0,19127
0,21139
0,16077
0,33017
0,40125
0,46111
0,47023
0,21107
0,13035
0,18033
0,27145
0,41069
0,26151
0,27039
0,12047
0,48253
0,49013
0,34039
0,39137
0,37031
0,8121
0,5063
0,39147
0,6097
0,54055
0,46085
0,48063
0,13295
0,26075
0,13207
0,27135
0,31091
0,29091
0,21179
0,37177
0,45071
0,22081
0,29169
0,21225
0,17085
0,18003
0,20117
0,45057
0,12133
0,42023
0,26159
0,21081
0,1107
0,41025
0,31065
0,19135
0,34029
0,37133
0,48057
0,39175
0,49045
0,28039
0,27157
0,21177
0,27071
0,27055
0,19011
0,29065
0,6015
0,12021
0,40007
0,37199
0,29185
0,20095
0,24013
0,54053
0,31035
0,22127
0,37005
0,19105
0,48097
0,19153
0,33007
0,17135
0,48177
0,51187
0,12105
0,27001
0,25023
0,42107
0,48153
0,19157
0,29011
0,22043
0,13017
0,39145
0,29219
0,18001
0,40137
0,28059
0,26119
0,35043
0,13079
0,22015
0,27083
0,19149
0,18169
0,13127
0,20023
0,5103
0,26101
0,16063
0,29087
0,41029
0,55113
0,18017
0,16033
0,9009
0,18031
0,46081
0,20111
0,37073
0,4015
0,28153
0,40035
0,40019
0,37003
0,40041
0,1059
0,13099
0,55087
0,45089
0,21033
0,20203
0,41045
0,51685
0,20199
0,41015
0,51570
0,55139
0,45081
0,28093
0,42011
0,35029
0,2158
0,22005
0,30051
0,48331
0,47073
0,13097
0,47077
0,37171
0,21015
0,55105
0,26135
0,5125
0,35019
0,36023
0,34009
0,31027
0,46017
0,5033
0,47001
0,48217
0,15009
0,5141
0,13151
0,36039
0,5027
0,27155
0,36083
0,48165
0,13045
0,53015
0,13191
0,37015
0,21229
0,28065
0,36101
0,19003
0,16079
0,37175
0,42085
0,31159
0,49015
0,16087
0,18049
0,36117
0,19155
0,33019
0,55031
0,50011
0,40031
0,55039
0,16037
0,38105
0,51101
0,38003
0,49009
0,49023
0,39059
0,40093
0,42051
0,39121
0,46087
0,13213
0,26071
0,18095
0,5035
0,47021
0,54069
0,12007
0,31111
0,5023
0,17117
0,22019
0,42013
0,42009
0,42111
0,26133
0,24021
0,27097
0,34041
0,13251
0,10001
0,5061
0,19091
0,45015
0,51083
0,37007
0,31021
0,18145
0,18081
0,54009
0,24033
0,38097
0,32033
0,39065
0,29201
0,26079
0,36065
0,22121
0,20107
0,53017
0,48039
0,27151
0,48363
0,12101
0,5001
0,29117
0,51181
0,31119
0,48195
0,1099
0,49055
0,12081
0,22031
0,13109
0,19005
0,13101
0,42005
0,28091
0,18041
0,54093
0,42123
0,50027
0,27063
0,30105
0,12051
0,54071
0,17037
0,2050
0,48103
0,8025
0,24045
0,37101
0,17179
0,31099
0,5009
0,27019
0,30085
0,40057
0,54081
0,26001
0,51069
0,5029
0,40075
0,29159
0,18079
0,20165
0,31001
0,42065
0,20209
0,35031
0,37023
0,29099
0,13083
0,46009
0,41033
0,48299
0,56013
0,55135
0,36017
0,56045
0,36075
0,18067
0,20101
0,36025
0,20017
0,39097
0,45051
0,29186
0,41013
0,27105
0,12085
0,20191
0,20035
0,19139
0,26153
0,53013
0,38089
0,54045
0,27153
0,20039
0,39039
0,31037
0,27051
0,31151
0,29053
0,12093
0,31079
0,54075
0,20163
0,29127
0,20169
0,50023
0,18147
0,27141
0,42081
0,42105
0,27041
0,40133
0,40005
0,56019
0,36103
0,42033
0,48151
0,6007
0,30021
0,13085
0,29163
0,22065
0,40083
0,55015
0,55029
0,55033
0,48139
0,42127
0,39093
0,23015
0,47183
0,13043
0,31185
0,39077
0,20027
0,21029
0,48335
0,31093
0,19165
0,42113
0,27067
0,55059
0,30041
0,41037
0,36029
0,29157
0,39101
0,18093
0,8073
0,54097
0,1049
0,13211
0,5143
0,28159
0,13027
0,41035
0,18011
0,27077
0,48301
0,55057
0,5101
0,56003
0,24037
0,17151
0,36063
0,12123
0,29047
0,29207
0,51111
0,37067
0,29025
0,27147
0,12045
0,29199
0,36071
0,51155
0,37009
0,48023
0,31045
0,40079
0,12059
0,29101
0,46055
0,22089
0,28033
0,42075
0,26131
0,48373
0,48443
0,54033
0,19057
0,20015
0,39129
0,17007
0,29005
0,40147
0,37057
0,42043
0,51139
0,54001
0,31043
0,51700
0,47085
0,51775
0,39017
0,17161
0,27159
0,40097
0,40115
0,5039
0,31007
0,30043
0,23031
0,47043
0,31173
0,12121
0,20149
0,29153
0,13275
0,2070
0,49019
0,37029
0,28077
0,30067
0,21209
0,18065
0,13287
0,13297
0,18113
0,38037
0,26083
0,51061
0,27149
0,55035
0,48241
0,20173
0,12035
0,55119
0,21101
0,32027
0,29051
0,37059
0,17185
0,27065
0,51063
0,20097
0,12039
0,54023
0,21091
0,30087
0,4001
0,1053
0,19015
0,17069
0,51145
0,27007
0,13293
0,49033
0,19117
0,29151
0,55037
0,48181
0,18171
0,29139
0,16003
0,9015
0,48021
0,42047
0,1079
0,56011
0,55007
0,12079
0,55125
0,37093
0,55041
0,13077
0,45035
0,19035
0,18163
0,37081
0,1085
0,39069
0,20051
0,29083
0,19143
0,42087
0,39001
0,48203
0,54087
0,29077
0,28115
0,37169
0,8023
0,31023
0,39021
0,23011
0,17155
0,26023
0,31057
0,41061
0,31147
0,27003
0,21083
0,31143
0,36099
0,19027
0,26053
0,31053
0,18061
0,56035
0,40087
0,22023
0,13131
0,17143
0,27009
0,1009
0,42057
0,13047
0,20155
0,22025
0,13229
0,29057
0,13187
0,53019
0,37091
0,1065
0,21009
0,40121
0,1013
0,51007
0,13023
0,31115
0,17127
0,1023
0,40141
0,30013
0,36077
0,40045
0,36021
0,13317
0,5011
0,55083
0,18073
0,20105
0,13263
0,30075
0,46109
0,48115
0,47089
0,45001
0,13227
0,37061
0,24047
0,47129
0,40105
0,20053
0,51640
0,54103
0,18097
0,26109
0,35007
0,21239
0,20021
0,31123
0,19031
0,17063
0,54067
0,42037
0,28041
0,47069
0,47103
0,39053
0,39009
0,40051
0,33005
0,47045
0,8123
0,48357
0,17145
0,42025
0,28163
0,1097
0,1021
0,19039
0,1027
0,31083
0,19133
0,51117
0,5123
0,47079
0,32013
0,19171
0,39155
0,21047
0,27173
0,26035
0,48343
0,13281
0,51183
0,18161
0,38075
0,48275
0,47099
0,42071
0,27081
0,40039
0,26063
0,8099
0,21077
0,46115
0,47165
0,1091
0,20033
0,12029
0,20171
0,20195
0,21181
0,1033
0,48199
0,24039
0,36033
0,37013
0,42115
0,31135
0,1109
0,48017
0,8003
0,8095
0,8063
0,54107
0,40085
0,40025
0,51710
0,16067
0,19179
0,39055
0,18045
0,19159
0,20003
0,53051
0,34023
0,19125
0,46123
0,12107
0,27087
0,47121
0,17163
0,48223
0,39159
0,40073
0,51161
0,5119
0,40023
0,46047
0,36097
0,30027
0,12119
0,24019
0,6091
0,13103
0,46107
0,19111
0,17195
0,22099
0,12125
0,21111
0,56017
0,40003
0,19141
0,39081
0,35045
0,15001
0,46049
0,1045
0,17119
0,48019
0,48495
0,36091
0,13115
0,47033
0,17051
0,20177
0,38005
0,47105
0,29023
0,26007
0,13171
0,39061
0,19079
0,16041
0,48167
0,17187
0,35027
0,45017
0,19193
0,28083
0,27075
0,41053
0,48405
0,31167
0,41011
0,51115
0,13025
0,28047
0,16051
0,24041
0,6049
0,20113
0,30039
0,12111
0,22085
0,19025
0,5059
0,5053
0,37105
0,48205
0,54079
0,13217
0,53071
0,16073
0,29107
0,31067
0,53065
0,48493
0,5049
0,46097
0,18013
0,51135
0,18119
0,34037
0,19173
0,55101
0,51595
0,39057
0,19161
0,27169
0,1039
0,8011
0,21125
0,29027
0,18053
0,42019
0,48257
0,16053
0,20089
0,22097
0,12015
0,16045
0,22091
0,17017
0,29171
0,12127
0,26107
0,20133
0,48053
0,28079
0,38033
0,17089
0,37079
0,17107
0,27011
0,51043
0,36045
0,53059
0,56015
0,41057
0,41051
0,47081
0,16075
0,30093
0,38007
0,29115
0,21123
0,51173
0,22003
0,39049
0,4012
0,13267
0,23025
0,17041
0,55107
0,19007
0,13303
0,13145
0,47161
0,47053
0,48263
0,21017
0,18107
0,55085
0,31163
0,29009
0,28121
0,16059
0,1115
0,40029
0,18005
0,8017
0,12075
0,55049
0,28155
0,19151
0,27085
0,30047
0,48341
0,17123
0,21161
0,39153
0,26019
0,16009
0,17133
0,26163
0,13221
0,39105
0,36067
0,39127
0,33003
0,8057
0,48339
0,17153
0,20007
0,16083
0,13087
0,36113
0,48497
0,27089
0,29197
0,19087
0,19089
0,13051
0,28107
0,18129
0,45009
0,46025
0,41049
0,27047
0,27021
0,51149
0,5041
0,24003
0,17099
0,5007
0,27079
0,20063
0,21185
0,51049
0,13255
0,19069
0,37121
0,4019
0,53039
0,51175
0,30055
0,31047
0,42077
0,51071
0,29145
0,48441
0,54003
0,54035
0,20205
0,40071
0,19041
0,50003
0,31069
0,46099
0,34005
0,30053
0,29227
0,27171
0,55071
0,18071
0,12033
0,40033
0,47155
0,48051
0,48207
0,16047
0,46083
0,48185
0,46125
0,26141
0,24017
0,48447
0,12063
0,5055
0,25003
0,40081
0,46013
0,26003
0,47145
0,37111
0,39115
0,48155
0,56041
0,21235
0,48259
0,15003
0,20067
0,18069
0,35039
0,48345
0,26005
0,18019
0,20049
0,48291
0,17059
1,51153
1,26065
1,49043
1,38017
1,53011
1,56025
1,8019
1,2110
1,53061
1,48393
1,16065
1,55133
1,37119
1,31109
1,16055
1,8047
1,8069
1,16039
1,6095
1,8049
1,30063
1,8065
1,51199
1,6059
1,8091
1,1089
1,49003
1,6009
1,26077
1,35001
1,31075
1,16019
1,8067
1,32031
1,41021
1,49051
1,37051
1,21067
1,55025
1,51087
1,2220
1,20161
1,49011
1,6017
1,1117
1,13089
1,4025
1,26093
1,53057
1,2150
1,16025
1,51041
1,51107
1,12019
1,49027
1,13113
1,49029
1,22061
1,51735
1,25001
1,56021
1,16013
1,41007
1,48121
1,49005
1,12117
1,38035
1,33015
1,6109
1,51660
1,20151
1,28049
1,6089
1,27163
1,2090
1,28089
1,31153
1,48157
1,41067
1,48397
1,8053
1,53067
1,25007
1,2060
1,41039
1,8039
1,48113
1,22033
1,49049
1,51683
1,8119
1,41005
1,48027
1,29189
1,2130
1,49035
1,41047
1,17077
1,53055
1,13053
1,16001
1,16069
1,13135
1,6051
1,6001
1,31005
1,46093
1,38101
1,6057
1,48043
1,27053
1,8059
1,41017
1,20025
1,6003
1,30031
1,49053
1,44001
1,53029
1,53033
1,32510
1,13121
1,8103
1,8093
1,40027
1,6023
1,30049
1,16029
1,48209
1,49057
1,25019
1,2122
1,49039
1,2170
1,6113
1,48381
1,2016
1,16005
1,53043
1,35035
1,6085
1,20193
1,53009
1,2261
1,35049
1,56039
1,26045
1,48329
1,27037
1,12091
1,8031
1,8037
1,6063
1,8107
1,46103
1,45013
1,6061
1,27109
1,36079
1,6087
1,38077
1,41000
1,2020
1,26125
1,49021
1,40017
1,53053
1,26111
1,53023
1,45079
1,46011
1,32005
1,8005
1,20145
1,41055
1,6081
1,56029
1,13219
1,8079
1,8041
1,2240
1,16081
1,51750
1,16071
1,53063
1,51810
1,53035
1,6013
1,29165
2,21001
2,51105
2,21003
2,21131
2,21169
2,38083
2,21175
2,47027
2,21171
2,47087
2,28051
2,29155
2,21051
2,21043
2,54059
2,21053
2,47041
2,21057
2,28057
2,15005
2,13315
2,47115
2,48255
2,1075
2,1011
2,21071
2,13283
2,13271
2,5067
2,47039
2,5073
2,48061
2,21183
2,45005
2,13123
2,13037
2,22123
2,1093
2,21201
2,22039
2,13259
2,28135
2,13265
2,47181
2,47083
2,5107
2,28009
2,21197
2,29223
2,45065
2,29221
2,48489
2,21069
2,21109
2,21025
2,5111
2,21133
2,38047
2,28133
2,47111
2,47049
2,51035
2,45033
2,28053
2,47133
2,21153
2,13165
2,48047
2,22007
2,51167
2,13289
2,13003
2,47007
2,47067
2,47137
2,13269
2,47097
2,13167
2,47091
2,29179
2,54043
2,21061
2,5095
2,6025
2,21203
2,21135
2,48505
2,13239
2,13141
2,21099
2,13155
2,47013
2,38051
2,47159
2,47101
2,51027
2,47175
2,21193
2,13133
2,13173
2,13149
2,39075
2,47151
2,21087
2,13055
2,22035
2,28103
2,21159
2,21231
2,21237
2,47169
2,5147
2,51037
2,13065
2,28055
2,28143
2,28117
2,13301
2,21085
2,45061
2,29017
2,1035
2,21137
2,54015
2,21031
2,29181
2,48389
2,48479
2,1111
2,5021
2,47029
2,21129
2,21045
2,48109
2,54047
2,51077
2,47061
2,54109
2,51025
2,21207
2,47173
2,48283
2,51169
2,21119
2,5077
2,13199
2,21063
2,45069
2,13125
2,47057
2,21011
2,28119
2,47123
2,22009
2,29069
2,47025
2,46089
2,29203
2,47153
2,13061
2,21127
2,1133
2,21195
2,5075
2,47135
2,13243
2,54005
2,21013
2,51051
2,13163
2,48261
2,21095
2,47095
2,1029
2,48215
2,29133
2,5017
2,51081
2,48131
2,21165
2,13307
2,21219
2,13007
2,48229
2,28157
2,21147
2,47185
2,21121
2,1007
2,21065
2,54101
2,13233
2,29143
2,1041
3,8013
3,12073
3,53075
3,36119
3,35028
3,48085
3,51610
3,36087
3,51510
3,44005
3,17019
3,47187
3,39041
3,29019
3,20091
3,34021
3,28105
3,51121
3,17113
3,37063
3,41003
3,50007
3,42029
3,6041
3,54061
3,25021
3,34035
3,36001
3,51095
3,37135
3,19103
3,51600
3,26161
3,42027
3,13067
3,48041
3,27123
3,37183
3,51059
3,17097
3,9001
3,17043
3,46027
3,8051
3,56001
3,25017
3,11001
3,42091
3,13059
3,25025
3,51830
3,9007
3,34027
3,6075
3,24031
3,19169
3,24027
3,55089
3,36109
3,34003
3,51013
3,19101
3,48453
3,20045
3,18057
3,12001
3,18105
3,51540
3,34019
3,36059
3,51678
3,40119
3,8113
3,44009
3,8035
3,18157
3,8097
3,36061
3,23005
3,51003
3,25015
3,34025
3,16057
3,8117
3,9013
4,48015
4,17165
4,28001
4,28131
4,48503
4,48487
4,38055
4,37139
4,12086
4,48087
4,47179
4,47141
4,1087
4,37195
4,4009
4,37149
4,51133
4,34017
4,37035
4,48025
4,36081
4,45047
4,48391
4,40091
4,6037
4,35021
4,21035
4,6077
4,37107
4,37189
4,36047
4,38039
4,12131
4,48347
4,51103
4,48355
4,48451
4,28081
4,48143
4,51800
4,46121
4,51157
4,40077
4,38099
4,2013
4,45085
4,48385
4,48409
4,47163
4,45041
4,48481
4,1015
4,51770
4,13021
4,48045
4,48175
4,45091
4,48463
4,6069
4,13095
4,48415
4,48213
4,47031
4,51019
4,21113
4,13139
4,51119
4,38069
4,38027
4,38023
4,35025
4,8071
4,13261
4,48171
4,51790
4,48425
4,48231
4,48435
4,22071
4,48469
4,6115
4,35017
4,29510
4,28067
4,6099
4,37147
4,40111
4,51031
4,21205
4,45003
4,48159
4,45007
4,54037
4,51620
4,6031
4,1083
4,51075
4,48219
4,30109
4,48001
4,28087
4,34013
4,53021
4,44007
4,37025
4,51093
4,48049
4,47113
4,30003
4,48465
4,35005
4,6035
4,28113
4,45083
4,2185
4,48237
4,1077
4,48033
4,51820
4,48309
4,46091
4,1051
4,48349
4,51057
4,40013
4,1031
4,5019
4,38045
4,37113
4,38103
4,25005
4,41027
4,13117
4,4021
4,45043
4,1125
4,35047
4,28149
4,45075
4,37001
4,48483
4,35055
4,1055
4,6019
4,17181
4,37097
4,13185
4,21227
4,6021
4,1081
4,48365
4,13031
4,48133
4,51147
4,48319
4,20055
4,48321
4,46007
4,40021
4,51730
4,48003
4,37127
4,40069
4,28101
4,1103
4,35041
4,48005
4,13225
4,5115
4,51690
4,51840
4,12065
4,22073
4,45045
4,1069
4,38057
4,45077
4,46041
4,51137
4,48417
4,29161
4,51065
4,53001
4,6039
4,48273
4,37099
4,48141
4,48135
4,24510
4,53077
4,21151
4,28011
4,37011
4,6029
4,28075
4,38043
4,28021
4,51520
4,48189
4,2180
4,8105
4,28071
4,48007
4,37137
4,51047
4,37037
4,13277
4,51680
4,40101
4,28045
4,48477
4,40009
4,48311
4,38019
4,5031
4,40099
4,46073
4,46102
4,28035
4,4027
4,54011
4,48413
4,38021
4,48375
4,51760
4,6107
4,47011
4,13311
4,8055
4,48473
4,51113
4,28151
4,48401
4,38013
4,37071
4,48243
4,6011
4,48297
4,48277
4,48071
4,34031
4,35053
4,51515
4,22069
4,48227
4,48307
4,35013
4,51191
4,20069
4,48119
4,48129
4,40123
4,51740
4,48081
4,49037
4,13245
4,4017
4,38079
4,28027
4,6047
5,48323
5,48127
5,48377
5,48507
5,48427
5,21189
